<?xml version="1.0" encoding="UTF-8"?>
<project-private xmlns="http://www.netbeans.org/ns/project-private/1">
    <editor-bookmarks xmlns="http://www.netbeans.org/ns/editor-bookmarks/2" lastBookmarkId="0"/>
    <open-files xmlns="http://www.netbeans.org/ns/projectui-open-files/2">
        <group>
            <file>file:/C:/JAVA/Vasadi_Lab07InterfacesAndAbstractClasses/src/animals/ExtinctAnimals.java</file>
            <file>file:/C:/JAVA/Vasadi_Lab07InterfacesAndAbstractClasses/src/animals/xyz.java</file>
            <file>file:/C:/JAVA/Vasadi_Lab07InterfacesAndAbstractClasses/src/animals/GiganticExtinctAnimals.java</file>
            <file>file:/C:/JAVA/Vasadi_Lab07InterfacesAndAbstractClasses/src/animals/DomesticAndWildAnimals.java</file>
            <file>file:/C:/JAVA/Vasadi_Lab07InterfacesAndAbstractClasses/src/animals/Animals.java</file>
            <file>file:/C:/JAVA/Vasadi_Lab07InterfacesAndAbstractClasses/src/animals/DomesticatedAnimals.java</file>
            <file>file:/C:/JAVA/Vasadi_Lab07InterfacesAndAbstractClasses/src/animals/WildAnimals.java</file>
            <file>file:/C:/JAVA/Vasadi_Lab07InterfacesAndAbstractClasses/src/animals/AnimalsDriver.java</file>
        </group>
    </open-files>
</project-private>
